{"mean":{"confidence_interval":{"confidence_level":0.95,"lower_bound":0.011074526620663105,"upper_bound":0.04436325575594307},"point_estimate":0.023543718423711057,"standard_error":0.008522479655961672},"median":{"confidence_interval":{"confidence_level":0.95,"lower_bound":0.007456444115456762,"upper_bound":0.011893353985967936},"point_estimate":0.008825622910017428,"standard_error":0.001139798738571076}}