{"mean":{"confidence_interval":{"confidence_level":0.95,"lower_bound":0.009081588491907417,"upper_bound":0.015001124142590215},"point_estimate":0.011889276937574689,"standard_error":0.0015458226957667089},"median":{"confidence_interval":{"confidence_level":0.95,"lower_bound":0.007426957272679058,"upper_bound":0.012556615317827147},"point_estimate":0.009642137171361309,"standard_error":0.0013319722013472814}}