{"mean":{"confidence_interval":{"confidence_level":0.95,"lower_bound":0.005904526896481927,"upper_bound":0.024022289804772466},"point_estimate":0.01414682951227042,"standard_error":0.004694868451408401},"median":{"confidence_interval":{"confidence_level":0.95,"lower_bound":0.003281764354863048,"upper_bound":0.016687123080109112},"point_estimate":0.009427955619225381,"standard_error":0.003258589093431268}}