{"mean":{"confidence_interval":{"confidence_level":0.95,"lower_bound":-0.02358648092346612,"upper_bound":-0.008520449771830642},"point_estimate":-0.016025844066051786,"standard_error":0.003849886714625813},"median":{"confidence_interval":{"confidence_level":0.95,"lower_bound":-0.023847097751379342,"upper_bound":-0.012187553248659722},"point_estimate":-0.016853408645970736,"standard_error":0.003181491449164849}}