{"mean":{"confidence_interval":{"confidence_level":0.95,"lower_bound":962837675.25,"upper_bound":967183602.0},"point_estimate":965019289.0,"standard_error":1109016.447804471},"median":{"confidence_interval":{"confidence_level":0.95,"lower_bound":961410925.0,"upper_bound":967926550.0},"point_estimate":964061975.0,"standard_error":1694036.360708735},"median_abs_dev":{"confidence_interval":{"confidence_level":0.95,"lower_bound":9820112.12065816,"upper_bound":15420596.456229687},"point_estimate":13061260.988116264,"standard_error":1408657.578428368},"slope":null,"std_dev":{"confidence_interval":{"confidence_level":0.95,"lower_bound":9735357.678264447,"upper_bound":12316873.40841675},"point_estimate":11100662.709081229,"standard_error":659844.2362384043}}