{"mean":{"confidence_interval":{"confidence_level":0.95,"lower_bound":-0.013165820577317501,"upper_bound":-0.005048096539821496},"point_estimate":-0.00918708587255912,"standard_error":0.002078540874182094},"median":{"confidence_interval":{"confidence_level":0.95,"lower_bound":-0.012945540888792184,"upper_bound":-0.004654128512452354},"point_estimate":-0.009097368360887703,"standard_error":0.0020840603369220957}}