{"mean":{"confidence_interval":{"confidence_level":0.95,"lower_bound":0.0012807383849649473,"upper_bound":0.024979879829296676},"point_estimate":0.012102119390766886,"standard_error":0.006057137223709711},"median":{"confidence_interval":{"confidence_level":0.95,"lower_bound":-0.0036552320563588417,"upper_bound":0.00608626440222948},"point_estimate":0.0007977945226091965,"standard_error":0.002537409827186353}}