{"mean":{"confidence_interval":{"confidence_level":0.95,"lower_bound":-0.01547176806341892,"upper_bound":-0.009376003161353315},"point_estimate":-0.012300523726457957,"standard_error":0.0015503596938251055},"median":{"confidence_interval":{"confidence_level":0.95,"lower_bound":-0.012059046006144603,"upper_bound":-0.008286065633267392},"point_estimate":-0.009909048104213336,"standard_error":0.0009402144602357087}}