{"mean":{"confidence_interval":{"confidence_level":0.95,"lower_bound":0.009676367604615328,"upper_bound":0.015797428938020906},"point_estimate":0.012561150572990565,"standard_error":0.001541722381856533},"median":{"confidence_interval":{"confidence_level":0.95,"lower_bound":0.008631215106805357,"upper_bound":0.013692716951640713},"point_estimate":0.010813412961591995,"standard_error":0.001330781659671261}}